id;response_id;setor;label
1;SP1-1;SUP1;Vida profissional/Experiência no trabalho-Tempo para completar tarefas
2;SP1-2;SUP1;Projeto-Tamanho médio da equipe
3;SP1-3;SUP1;Projeto-Tamanho médio da equipe
4;SP1-4;SUP1;Gestão/Gerência-Autonomia
5;SP1-5;SUP1;Equipe-Colegas de trabalho qualificados
6;SP1-6;SUP1;Gestão/Gerência-Gerência
7;SP1-7;;NC
8;SP1-8;SUP1;"Equipe-Interações sociais
"
9;SP1-9;;NC
10;SP1-10;SUP1;Gestão/Gerência-Gerência
11;SP1-10;SUP1;Gestão/Gerência-Autonomia
12;SP1-11;;NC
13;SP1-12;;NC
14;SP1-13;SUP1;Ambiente de trabalho-Trabalho remoto
15;SP1-14;SUP1;Processos e sistemas-Ferramentas
16;SP1-15;SUP1;Ambiente de trabalho-Trabalho remoto
17;SP1-15;SUP1;Vida profissional/Experiência no trabalho-Equilíbrio entre vida profissional/pessoal
18;SP1-15;SUP1;Produtividade pessoal-Produtividade percebida
19;SP1-15;SUP1;Equipe-Interações sociais
20;SP1-16;SUP1;Ambiente de trabalho-Trabalho remoto
21;SP1-17;SUP1;Equipe-Coesão da equipe
22;SP1-18;SUP1;Projeto-Tamanho médio da equipe
23;SP1-19;SUP1;Processos e sistemas-Processos
24;SP1-19;SUP1;Equipe-Apoio à inovação
25;SP1-20;SUP1;Gestão/Gerência-Gerência
26;SP1-21;SUP1;Equipe-Interações sociais
27;SP1-22;SUP1;Gestão/Gerência-Gerência
28;SP1-23;SUP1;Habilidades e competências individuais-Felicidade do desenvolvedor
29;SP1-23;SUP1;Equipe-Camaradagem
30;SP1-24;SUP1;Projeto-Tamanho médio da equipe
31;SP1-25;SUP1;Projeto-Tamanho médio da equipe
32;SP1-26;SUP1;Projeto-Tamanho médio da equipe
33;SP1-27;SUP1;Projeto-Tamanho médio da equipe
34;SP1-28;SUP1;Ambiente de trabalho-Ambiente físico
35;SP1-28;SUP1;Equipe-Interações sociais
36;SP1-29;SUP1;Projeto-Tamanho médio da equipe
37;SP1-29;SUP1;Vida profissional/Experiência no trabalho-Tempo para completar tarefas
38;SP1-30;SUP1;Gestão/Gerência-Objetivos bem definidos
39;SP1-30;SUP1;Processos e sistemas-Processos
40;SP1-31;SUP1;Gestão/Gerência-Objetivos bem definidos
41;SP1-32;SUP1;Projeto-Estabilidade de requisitos
42;SP1-32;SUP1;Fatores de produto-Complexidade do produto
43;SP1-32;SUP1;Projeto-Cronograma
44;SP1-33;SUP1;Ambiente de trabalho-Trabalho remoto
45;SP1-33;SUP1;Recompensas, benefícios, carreira-Promoções
46;SP1-34;SUP1;Gestão/Gerência-Apreciação pelo trabalho
47;SP1-35;;NC
48;SP1-35;;NC
49;SP1-36;SUP1;Equipe-Interações sociais
50;SP1-37;;NC
51;SP1-38;;NC
52;SP1-38;;NC
53;SP1-39;SUP1;Gestão/Gerência-Objetivos bem definidos
54;SP1-39;SUP1;Gestão/Gerência-Prioridades bem definidas
55;SP1-40;SUP1;Processos e sistemas-Processos
56;SP1-41;SUP1;Equipe-Colaboração
57;SP1-41;SUP1;Fatores de produto-Qualidade do produto
58;SP1-42;SUP1;Processos e sistemas-Ferramentas
59;SP1-42;SUP1;Processos e sistemas-Processos
60;SP1-43;SUP1;Gestão/Gerência-Objetivos bem definidos
61;SP1-44;SUP1;Habilidades e competências individuais-Capacidade do gerente
62;SP1-45;SUP1;Equipe-Camaradagem
63;SP1-45;;NC
64;SP1-46;SUP1;Equipe-Coesão da equipe
65;SP1-46;SUP1;Equipe-Camaradagem
66;SP1-47;SUP1;Gestão/Gerência-Gerência
67;SP1-47;SUP1;Processos e sistemas-Processos
68;SP1-47;SUP1;Projeto-Cronograma
69;SP1-48;SUP1;Equipe-Coesão da equipe
70;SP1-49;SUP1;Ambiente de trabalho-Trabalho remoto
71;SP1-50;SUP1;Processos e sistemas-Ferramentas
72;SP1-51;SUP1;Gestão/Gerência-Gerência
73;SP1-52;SUP1;Equipe-Empatia
74;SP1-52;SUP1;Equipe-Interações sociais
75;SP1-52;SUP1;Equipe-Segurança psicológica
76;SP1-52;SUP1;Gestão/Gerência-Apreciação pelo trabalho
77;SP1-52;SUP1;Habilidades e competências individuais-Felicidade do desenvolvedor
78;SP1-53;SUP1;Equipe-Colaboração
79;SP1-53;SUP1;Equipe-Segurança psicológica
80;SP1-53;SUP1;Equipe-Coesão da equipe
81;SP1-54;SUP1;Equipe-Colaboração
82;SP1-55;SUP1;Treinamento-Treinamento para ferramentas e tecnologias
83;SP1-55;SUP1;Recompensas, benefícios, carreira-Promoções
84;SP1-55;SUP1;Recompensas, benefícios, carreira-Justiça
85;SP1-56;SUP1;Processos e sistemas-Ferramentas
86;SP1-56;SUP1;Treinamento-Treinamento para ferramentas e tecnologias
87;SP1-56;SUP1;Treinamento-Treinamento para soft skills
88;SP1-56;SUP1;Fatores de processo-Ágil
89;SP1-56;SUP1;Gestão/Gerência-Objetivos bem definidos
90;SP1-57;SUP1;Organização-Visão da empresa
91;SP1-58;SUP1;Equipe-Comunicação
92;SP1-58;SUP1;Gestão/Gerência-Planejamento de reuniões
93;SP1-59;SUP1;Equipe-Comunicação
94;SP1-59;SUP1;Gestão/Gerência-Objetivos bem definidos
95;SP1-60;SUP1;Treinamento-Treinamento para ferramentas e tecnologias
96;SP1-61;SUP1;Equipe-Coesão da equipe
97;SP1-62;SUP1;Equipe-Comunicação
98;SP1-62;SUP1;Equipe-Colaboração
99;SP1-62;SUP1;Gestão/Gerência-Planejamento de reuniões
100;SP1-63;SUP1;Processos e sistemas-Processos
101;SP1-63;SUP1;Projeto-Tamanho médio da equipe
102;SP1-64;SUP1;Equipe-Coesão da equipe
103;SP1-64;SUP1;Fatores de produto-Complexidade do produto
104;SP1-65;SUP1;Processos e sistemas-Processos
105;SP1-65;SUP1;Gestão/Gerência-Gerência
106;SP1-65;SUP1;Gestão/Gerência-Planejamento de reuniões
107;SP1-66;SUP1;Tipo/impacto do trabalho-Complexidade do trabalho
108;SP1-67;SUP1;Equipe-Comunicação
109;SP1-68;SUP1;Gestão/Gerência-Feedback
110;SP1-69;;NC
111;SP1-70;SUP1;Recompensas, benefícios, carreira-Oportunidade de mudança
112;SP1-71;;NC
113;SP1-71;;NC
114;SP1-71;;NC
115;SP1-72;;NC
116;SP1-73;;NC
117;SP1-74;;NC
118;SP1-75;;NC
119;SP1-76;;NC
120;SP1-77;SUP1;Ambiente de trabalho-Trabalho remoto
121;SP1-78;;NC
122;SP1-79;;NC
123;SP1-80;SUP1;Tipo/impacto do trabalho-Poder completar tarefas
124;SP1-81;SUP1;Gestão/Gerência-Objetivos bem definidos
125;SP1-82;SUP1;Tipo/impacto do trabalho-Impacto do trabalho efetuado
126;SP1-82;SUP1;Recompensas, benefícios, carreira-Benéficios e recompensas
127;SP1-82;SUP1;Gestão/Gerência-Apreciação pelo trabalho
128;SP1-82;SUP1;Projeto-Tamanho médio da equipe
129;SP1-83;SUP1;Gestão/Gerência-Planejamento de reuniões
130;SP1-83;SUP1;Equipe-Interações sociais
131;SP1-84;SUP1;Treinamento-Treinamento para ferramentas e tecnologias
132;SP1-84;SUP1;Equipe-Cultura do time
133;SP1-84;SUP1;Gestão/Gerência-Apreciação pelo trabalho
134;SP1-84;;NC
135;SP1-85;SUP1;Recompensas, benefícios, carreira-Promoções
136;SP1-85;SUP1;Recompensas, benefícios, carreira-Justiça
137;SP1-86;SUP1;Equipe-Colaboração
138;SP1-86;SUP1;Equipe-Comunicação
139;SP1-87;SUP1;Projeto-Tamanho médio da equipe
140;SP1-88;SUP1;Gestão/Gerência-Planejamento de reuniões
141;SP1-88;SUP1;Gestão/Gerência-Gerência
142;SP1-89;SUP1;Gestão/Gerência-Gerência
143;SP1-89;SUP1;Processos e sistemas-Processos
144;SP1-89;SUP1;Processos e sistemas-Ferramentas
145;SP1-89;SUP1;Gestão/Gerência-Apreciação pelo trabalho
146;SP1-90;SUP1;Processos e sistemas-Processos
147;SP1-90;SUP1;Processos e sistemas-Ferramentas
148;SP1-91;SUP1;Processos e sistemas-Processos
149;SP1-91;SUP1;Gestão/Gerência-Gerência
150;SP1-92;SUP1;Ambiente de trabalho-Trabalho remoto
151;SP1-93;SUP1;Ambiente de trabalho-Trabalho remoto
152;SP1-94;SUP1;Projeto-Tamanho médio da equipe
153;SP1-94;SUP1;Equipe-Colegas de trabalho qualificados
154;SP1-95;SUP1;Projeto-Tamanho médio da equipe
155;SP1-95;SUP1;Processos e sistemas-Ferramentas
156;SP1-95;;NC
157;SP1-95;SUP1;Produtividade pessoal-Capacidade de atingir objetivos
158;SP1-95;SUP1;Tipo/impacto do trabalho-Impacto do trabalho efetuado
159;SP1-96;SUP1;Organização-Visão da empresa
160;SP1-96;SUP1;Treinamento-Treinamento para ferramentas e tecnologias
161;SP1-96;SUP1;Tipo/impacto do trabalho-Complexidade do trabalho
162;SP1-96;SUP1;Recompensas, benefícios, carreira-Oportunidade de mudança
163;SP1-97;SUP1;Projeto-Tamanho médio da equipe
164;SP1-97;SUP1;Equipe-Colegas de trabalho qualificados
165;SP1-98;SUP1;Treinamento-Treinamento para ferramentas e tecnologias
166;SP1-99;SUP1;Treinamento-Treinamento para ferramentas e tecnologias
167;SP1-99;SUP1;Habilidades e competências individuais-Experiência de domínio da aplicação
168;SP1-99;SUP1;Gestão/Gerência-Gerência
169;SP1-100;SUP1;Equipe-Comunicação
170;SP1-101;SUP1;Recompensas, benefícios, carreira-Promoções
171;SP2-2;SUP2;Treinamento-Treinamento para ferramentas e tecnologias
172;SP2-3;SUP2;Recompensas, benefícios, carreira-Justiça
173;SP2-3;SUP2;Gestão/Gerência-Gerência
174;SP2-3;SUP2;Gestão/Gerência-Gerência
175;SP2-4;SUP2;Gestão/Gerência-Autonomia
176;SP2-5;SUP2;Produtividade pessoal-Domínio técnico
177;SP2-6;;NC
178;SP2-7;;NA
179;SP2-8;SUP2;Gestão/Gerência-Prioridades bem definidas
180;SP2-8;SUP2;Tipo/impacto do trabalho-Habilidades são bem usadas
181;SP2-9;SUP2;Projeto-Tamanho médio da equipe
182;SP2-10;SUP2;Gestão/Gerência-Apreciação pelo trabalho
183;SP2-10;SUP2;Equipe-Objetivos claros
184;SP2-11;SUP2;Ambiente de trabalho-Proximidade da equipe
185;SP2-11;SUP2;Equipe-Interações sociais
186;SP2-12;SUP2;Fatores de produto-Reuso
187;SP2-13;SUP2;Gestão/Gerência-Autonomia
188;SP2-14;SUP2;Processos e sistemas-Processos
189;SP2-14;SUP2;Ambiente de trabalho-e-factor
190;SP2-14;SUP2;Gestão/Gerência-Prioridades bem definidas
191;SP2-15;SUP2;Processos e sistemas-Processos
192;SP2-15;SUP2;Organização-Visão da empresa
193;SP2-16;SUP2;Equipe-Senso de superioridade
194;SP2-16;SUP2;Equipe-Colaboração
195;SP2-17;SUP2;Equipe-Apoio à inovação
196;SP2-17;SUP2;Tipo/impacto do trabalho-Complexidade do trabalho
197;SP2-18;SUP2;Equipe-Coesão da equipe
198;SP2-19;SUP2;Equipe-Coesão da equipe
199;SP2-20;SUP2;Gestão/Gerência-Prioridades bem definidas
200;SP2-21;;NC
201;SP2-22;SUP2;Equipe-Colaboração
202;SP2-23;SUP2;Equipe-Colaboração
203;SP2-24;SUP2;Equipe-Apoio à inovação
204;SP2-25;SUP2;Tipo/impacto do trabalho-Complexidade do trabalho
205;SP2-26;SUP2;Processos e sistemas-Ferramentas
206;SP2-27;SUP2;Recompensas, benefícios, carreira-Benéficios e recompensas
207;SP2-28;SUP2;Gestão/Gerência-Gerência
208;SP2-29;SUP2;Equipe-Comunicação
209;SP2-29;SUP2;Gestão/Gerência-Feedback
210;SP2-30;SUP2;Gestão/Gerência-Prioridades bem definidas
211;SP2-30;SUP2;Tipo/impacto do trabalho-Complexidade do trabalho
212;SP2-31;SUP2;Tipo/impacto do trabalho-Complexidade do trabalho
213;SP2-31;SUP2;Processos e sistemas-Processos
214;SP2-31;;NC
215;SP2-32;SUP2;Equipe-Comunicação
216;SP2-32;SUP2;Processos e sistemas-Processos
217;SP2-33;SUP2;Projeto-Estabilidade de requisitos
218;SP2-33;SUP2;Projeto-Cronograma
219;SP2-34;SUP2;Equipe-Comunicação
220;SP2-34;SUP2;Equipe-Colegas de trabalho qualificados
221;SP2-34;SUP2;Vida profissional/Experiência no trabalho-Tempo para completar tarefas
222;SP2-35;SUP2;Equipe-Interações sociais
223;SP2-35;SUP2;Ambiente de trabalho-Trabalho remoto
224;SP2-35;SUP2;Vida profissional/Experiência no trabalho-Equilíbrio entre vida profissional/pessoal
225;SP2-36;SUP2;Equipe-Interações sociais
226;SP2-36;SUP2;Gestão/Gerência-Planejamento de reuniões
227;SP2-36;SUP2;Ambiente de trabalho-Proximidade da equipe
228;SP2-37;SUP2;Processos e sistemas-Ferramentas
229;SP2-38;SUP2;Recompensas, benefícios, carreira-Promoções
230;SP2-38;SUP2;Recompensas, benefícios, carreira-Justiça
231;SP2-39;SUP2;Tipo/impacto do trabalho-Complexidade do trabalho
232;SP2-39;SUP2;Recompensas, benefícios, carreira-Salário
233;SP2-40;SUP2;Equipe-Segurança psicológica
234;SP2-40;SUP2;Equipe-Colaboração
235;SP2-41;SUP2;Recompensas, benefícios, carreira-Salário
236;SP2-42;SUP2;Recompensas, benefícios, carreira-Credibilidade
237;SP2-42;SUP2;Gestão/Gerência-Gerência
238;SP2-43;SUP2;Treinamento-Treinamento para soft skills
239;SP2-43;SUP2;Gestão/Gerência-Gerência
240;SP2-44;;NC
241;SP2-45;;NC
242;SP2-46;SUP2;Gestão/Gerência-Autonomia
243;SP2-46;SUP2;Tipo/impacto do trabalho-Habilidades são bem usadas
244;SP2-47;;NC
245;SP2-48;SUP2;Recompensas, benefícios, carreira-Promoções
246;SP2-48;SUP2;Gestão/Gerência-Objetivos bem definidos
247;SP2-49;SUP2;Habilidades e competências individuais-Felicidade do desenvolvedor
248;SP2-50;;NC
249;SP2-51;;NC
250;SP2-52;SUP2;Gestão/Gerência-Objetivos bem definidos
251;SP2-52;SUP2;Gestão/Gerência-Planejamento de reuniões
252;SP2-52;SUP2;Ambiente de trabalho-Proximidade da equipe
253;SP2-53;SUP2;Equipe-Interações sociais
254;SP2-54;SUP2;Tipo/impacto do trabalho-Complexidade do trabalho
255;SP2-55;SUP2;Equipe-Comunicação
256;SP2-55;SUP2;Vida profissional/Experiência no trabalho-Equilíbrio entre vida profissional/pessoal
257;SP2-56;SUP2;Recompensas, benefícios, carreira-Benéficios e recompensas
258;SP2-56;SUP2;Recompensas, benefícios, carreira-Promoções
259;SP2-56;SUP2;Recompensas, benefícios, carreira-Justiça
260;SP2-57;SUP2;Gestão/Gerência-Prioridades bem definidas
261;SP2-57;SUP2;Ambiente de trabalho-Fragmentação do tempo
262;SP2-57;SUP2;Ambiente de trabalho-e-factor
263;SP2-58;SUP2;Tipo/impacto do trabalho-Impacto do trabalho efetuado
264;SP2-58;SUP2;Tipo/impacto do trabalho-Poder completar tarefas
265;SP2-59;;
266;SP2-59;;
267;SP2-59;;
268;SP2-59;SUP2;Ambiente de trabalho-Proximidade da equipe
269;SP2-60;SUP2;Equipe-Comunicação
270;SP2-60;SUP2;Gestão/Gerência-Planejamento de reuniões
271;SP2-61;;
272;SP2-61;;
273;SP2-61;;
274;SP2-61;SUP2;Recompensas, benefícios, carreira-Oportunidade de mudança
275;SP2-62;SUP2;Equipe-Interações sociais
276;SP2-62;SUP2;Ambiente de trabalho-Proximidade da equipe
277;SP2-63;SUP2;Recompensas, benefícios, carreira-Oportunidade de mudança
278;SP2-64;SUP2;Equipe-Senso de superioridade
279;SP2-64;SUP2;Produtividade pessoal-Importância do membro na equipe
280;SP2-65;SUP2;Treinamento-Treinamento para ferramentas e tecnologias
281;SP2-65;SUP2;Recompensas, benefícios, carreira-Benéficios e recompensas
282;SP2-66;SUP2;Gestão/Gerência-Gerência
283;SP2-67;;NC
284;SP2-68;SUP2;Organização-Visão da empresa
285;SP2-69;;NC
286;SP2-70;SUP2;Recompensas, benefícios, carreira-Promoções
287;SP2-70;SUP2;Recompensas, benefícios, carreira-Justiça
288;SP2-71;SUP2;Tipo/impacto do trabalho-Complexidade do trabalho
289;SP2-71;SUP2;Tipo/impacto do trabalho-Impacto do trabalho efetuado
290;SP2-72;;NC
291;SP2-73;SUP2;Organização-Visão da empresa
292;SP2-74;SUP2;Tipo/impacto do trabalho-Complexidade do trabalho
293;SP2-74;SUP2;Tipo/impacto do trabalho-Habilidades são bem usadas
294;SP2-74;SUP2;Habilidades e competências individuais-Felicidade do desenvolvedor
295;SP2-75;SUP2;Fatores de produto-Flexibilidade de desenvolvimento
296;SP2-76;SUP2;Gestão/Gerência-Prioridades bem definidas
297;SP2-76;SUP2;Processos e sistemas-Processos
298;SP2-76;SUP2;Gestão/Gerência-Planejamento de reuniões
299;SP2-77;SUP2;Gestão/Gerência-Planejamento de reuniões
300;SP2-77;SUP2;Equipe-Apoio à inovação
301;SP2-78;SUP2;Recompensas, benefícios, carreira-Oportunidade de mudança
302;SP2-79;SUP2;Recompensas, benefícios, carreira-Oportunidade de mudança
303;SP2-80;;NC
304;SP2-81;SUP2;Tipo/impacto do trabalho-Habilidades são bem usadas
305;SP2-82;SUP2;Ambiente de trabalho-Espaço de trabalho privado
306;SP2-83;SUP2;Projeto-Cronograma
307;SP2-84;SUP2;Processos e sistemas-Ferramentas
308;SP2-85;SUP2;Equipe-Colegas de trabalho qualificados
309;SP2-85;SUP2;Fatores de processo-Maturidade do processo
310;SP2-85;SUP2;Produtividade pessoal-Importância do membro na equipe
311;SP2-86;;NC
312;SP2-87;SUP2;Equipe-Colaboração
313;SP2-88;SUP2;Vida profissional/Experiência no trabalho-Equilíbrio entre vida profissional/pessoal
314;SP2-89;SUP2;Recompensas, benefícios, carreira-Promoções
315;SP2-90;SUP2;Equipe-Rotatividade
316;SP2-91;SUP2;Gestão/Gerência-Gerência
317;SP2-91;SUP2;Recompensas, benefícios, carreira-Benéficios e recompensas
318;SP2-91;SUP2;Recompensas, benefícios, carreira-Promoções
319;SP2-92;SUP2;Ambiente de trabalho-Ambiente físico
320;SP2-93;SUP2;Recompensas, benefícios, carreira-Oportunidade de mudança
321;SP2-93;SUP2;Tipo/impacto do trabalho-Habilidades são bem usadas
322;SP2-94;SUP2;Vida profissional/Experiência no trabalho-Equilíbrio entre vida profissional/pessoal
323;SP2-95;SUP2;Equipe-Interações sociais
324;SP2-95;SUP2;Ambiente de trabalho-Proximidade da equipe
325;SP2-96;SUP2;Vida profissional/Experiência no trabalho-Equilíbrio entre vida profissional/pessoal
326;SP2-97;SUP2;Ambiente de trabalho-Proximidade da equipe
327;SP2-97;SUP2;Equipe-Interações sociais
328;SP2-97;SUP2;Equipe-Colaboração
329;SP2-98;SUP2;Gestão/Gerência-Feedback
330;SP2-99;SUP2;Tipo/impacto do trabalho-Complexidade do trabalho
331;SP2-99;SUP2;Equipe-Apoio à inovação
332;SP2-100;SUP2;Equipe-Colaboração
333;SP2-101;SUP2;Equipe-Comunicação
334;SP2-102;SUP2;Gestão/Gerência-Objetivos bem definidos
335;SP2-103;SUP2;Gestão/Gerência-Objetivos bem definidos
336;SP2-104;;NC
337;SP2-105;SUP2;Equipe-Segurança psicológica
338;SP2-106;SUP2;Gestão/Gerência-Planejamento de reuniões
339;SP2-106;SUP2;Equipe-Comunicação
340;SP2-107;SUP2;Gestão/Gerência-Feedback
341;SP2-108;SUP2;Recompensas, benefícios, carreira-Promoções
342;SP2-108;SUP2;Recompensas, benefícios, carreira-Salário
343;SP2-109;SUP2;Processos e sistemas-Hardware
344;SP2-109;SUP2;Processos e sistemas-Processos
345;SP2-109;SUP2;Gestão/Gerência-Autonomia
346;SP2-110;SUP2;Recompensas, benefícios, carreira-Oportunidade de mudança
347;SP2-111;SUP2;Treinamento-Disponibilidade de documentação
348;SP2-111;SUP2;Recompensas, benefícios, carreira-Promoções
349;SP2-112;SUP2;Equipe-Interações sociais
350;SP2-112;SUP2;Ambiente de trabalho-Proximidade da equipe
351;SP2-113;;NC
352;SP2-114;;NC
353;SP2-115;SUP2;Vida profissional/Experiência no trabalho-Equilíbrio entre vida profissional/pessoal
354;SP2-116;SUP2;Recompensas, benefícios, carreira-Promoções
355;SP2-116;SUP2;Recompensas, benefícios, carreira-Justiça
356;SP2-117;SUP2;Ambiente de trabalho-Fragmentação do tempo
357;SP2-117;SUP2;Gestão/Gerência-Prioridades bem definidas
358;SP2-118;SUP2;Gestão/Gerência-Gerência
359;SP2-118;SUP2;Equipe-Colaboração
360;SP2-118;SUP2;Tipo/impacto do trabalho-Complexidade do trabalho
361;SP2-119;SUP2;Equipe-Apoio à inovação
362;SP2-119;SUP2;Equipe-Colaboração
363;SP2-119;SUP2;Tipo/impacto do trabalho-Tempo para aprender a realizar o trabalho
364;SP2-119;SUP2;Treinamento-Treinamento para ferramentas e tecnologias
365;SP2-120;;NC
366;SP2-121;SUP2;Gestão/Gerência-Planejamento de reuniões
367;SP2-121;SUP2;Vida profissional/Experiência no trabalho-Estresse
368;SP2-122;SUP2;Recompensas, benefícios, carreira-Salário
369;SP2-122;SUP2;Processos e sistemas-Hardware
370;SP2-122;SUP2;Ambiente de trabalho-Espaço de trabalho privado
371;SP2-123;SUP2;Ambiente de trabalho-Ambiente físico
372;SP2-124;SUP2;Ambiente de trabalho-Ambiente físico
373;SP2-125;;NC
374;SP2-126;;NC
375;SP2-127;SUP2;Equipe-Coesão da equipe
376;SP2-128;SUP2;Gestão/Gerência-Planejamento de reuniões
377;SP2-128;SUP2;Gestão/Gerência-Feedback
378;SP2-129;SUP2;Processos e sistemas-Processos
379;SP2-130;SUP2;Gestão/Gerência-Apreciação pelo trabalho
380;SP2-131;SUP2;Habilidades e competências individuais-Felicidade do desenvolvedor
381;SP2-131;SUP2;Tipo/impacto do trabalho-Habilidades são bem usadas
382;SP2-132;SUP2;Recompensas, benefícios, carreira-Promoções
383;SP2-133;SUP2;Recompensas, benefícios, carreira-Promoções
384;SP2-134;SUP2;Recompensas, benefícios, carreira-Promoções
385;SP3-1;SUP3;Gestão/Gerência-Planejamento de reuniões
386;SP3-1;SUP3;Equipe-Colaboração
387;SP3-2;SUP3;Gestão/Gerência-Feedback
388;SP3-2;SUP3;Equipe-Segurança psicológica
389;SP3-2;SUP3;Gestão/Gerência-Gerência
390;SP3-3;SUP3;Treinamento-Treinamento para ferramentas e tecnologias
391;SP3-4;SUP3;Equipe-Empatia
392;SP3-5;SUP3;Gestão/Gerência-Feedback
393;SP3-5;SUP3;Equipe-Segurança psicológica
394;SP3-6;SUP3;Projeto-Tamanho médio da equipe
395;SP3-7;SUP3;Gestão/Gerência-Autonomia
396;SP3-8;SUP3;Tipo/impacto do trabalho-Habilidades são bem usadas
397;SP3-9;SUP3;Processos e sistemas-Ferramentas
398;SP3-10;SUP3;Gestão/Gerência-Gerência
399;SP3-11;SUP3;Tipo/impacto do trabalho-Complexidade do trabalho
400;SP3-11;SUP3;Processos e sistemas-Ferramentas
401;SP3-11;SUP3;Projeto-Tamanho médio da equipe
402;SP3-12;SUP3;Projeto-Tamanho médio da equipe
403;SP3-12;SUP3;Gestão/Gerência-Apreciação pelo trabalho
404;SP3-64;SUP3;Gestão/Gerência-Prioridades bem definidas
405;SP3-65;SUP3;Projeto-Tamanho médio da equipe
406;SP3-65;SUP3;Tipo/impacto do trabalho-Complexidade do trabalho
407;SP3-13;SUP3;Projeto-Tamanho médio da equipe
408;SP3-14;SUP3;Projeto-Tamanho médio da equipe
409;SP3-14;SUP3;Vida profissional/Experiência no trabalho-Tempo para completar tarefas
410;SP3-15;SUP3;Projeto-Tamanho médio da equipe
411;SP3-15;SUP3;Equipe-Colegas de trabalho qualificados
412;SP3-16;SUP3;Projeto-Tamanho médio da equipe
413;SP3-16;SUP3;Processos e sistemas-Ferramentas
414;SP3-17;SUP3;Equipe-Segurança psicológica
415;SP3-18;SUP3;Projeto-Tamanho médio da equipe
416;SP3-18;SUP3;Tipo/impacto do trabalho-Complexidade do trabalho
417;SP3-19;SUP3;Projeto-Tamanho médio da equipe
418;SP3-19;SUP3;Tipo/impacto do trabalho-Complexidade do trabalho
419;SP3-20;SUP3;Projeto-Tamanho médio da equipe
420;SP3-20;SUP3;Vida profissional/Experiência no trabalho-Tempo para completar tarefas
421;SP3-21;SUP3;Recompensas, benefícios, carreira-Oportunidade de mudança
422;SP3-22;SUP3;Gestão/Gerência-Autonomia
423;SP3-22;SUP3;Equipe-Comunicação
424;SP3-23;;
425;SP3-23;;
426;SP3-24;SUP3;Gestão/Gerência-Planejamento de reuniões
427;SP3-25;SUP3;Vida profissional/Experiência no trabalho-Tempo para completar tarefas
428;SP3-26;SUP3;Projeto-Tamanho médio da equipe
429;SP3-26;SUP3;Vida profissional/Experiência no trabalho-Tempo para completar tarefas
430;SP3-27;SUP3;Organização-Visão da empresa
431;SP3-27;SUP3;Fatores de processo-Ágil
432;SP3-28;SUP3;Recompensas, benefícios, carreira-Promoções
433;SP3-28;SUP3;Equipe-Colaboração
434;SP3-28;SUP3;Equipe-Colegas de trabalho qualificados
435;SP3-28;SUP3;Vida profissional/Experiência no trabalho-Equilíbrio entre vida profissional/pessoal
436;SP3-29;SUP3;Gestão/Gerência-Feedback
437;SP3-30;SUP3;Recompensas, benefícios, carreira-Oportunidade de mudança
438;SP3-30;SUP3;Equipe-Colaboração
439;SP3-31;SUP3;Equipe-Colaboração
440;SP3-32;SUP3;Recompensas, benefícios, carreira-Benéficios e recompensas
441;SP3-33;SUP3;Gestão/Gerência-Apreciação pelo trabalho
442;SP3-34;SUP3;Gestão/Gerência-Autonomia
443;SP3-35;SUP3;Projeto-Tamanho médio da equipe
444;SP3-35;SUP3;Vida profissional/Experiência no trabalho-Tempo para completar tarefas
445;SP3-36;SUP3;Projeto-Tamanho médio da equipe
446;SP3-36;SUP3;Vida profissional/Experiência no trabalho-Tempo para completar tarefas
447;SP3-37;SUP3;Gestão/Gerência-Apreciação pelo trabalho
448;SP3-38;SUP3;Equipe-Comunicação
449;SP3-39;SUP3;Equipe-Comunicação
450;SP3-40;SUP3;Treinamento-Treinamento para ferramentas e tecnologias
451;SP3-40;SUP3;Gestão/Gerência-Gerência
452;SP3-41;SUP3;Vida profissional/Experiência no trabalho-Tempo para completar tarefas
453;SP3-42;SUP3;Projeto-Tamanho médio da equipe
454;SP3-43;SUP3;Tipo/impacto do trabalho-Complexidade do trabalho
455;SP3-43;SUP3;Projeto-Tamanho médio da equipe
456;SP3-44;SUP3;Gestão/Gerência-Gerência
457;SP3-45;SUP3;Gestão/Gerência-Feedback
458;SP3-45;SUP3;Gestão/Gerência-Apreciação pelo trabalho
459;SP3-46;SUP3;Gestão/Gerência-Objetivos bem definidos
460;SP3-47;SUP3;Projeto-Cronograma
461;SP3-48;SUP3;Tipo/impacto do trabalho-Complexidade do trabalho
462;SP3-48;SUP3;Projeto-Tamanho médio da equipe
463;SP3-49;SUP3;Tipo/impacto do trabalho-Complexidade do trabalho
464;SP3-50;SUP3;Tipo/impacto do trabalho-Complexidade do trabalho
465;SP3-51;SUP3;Vida profissional/Experiência no trabalho-Equilíbrio entre vida profissional/pessoal
466;SP3-52;SUP3;Gestão/Gerência-Autonomia
467;SP3-53;;NC
468;SP3-54;SUP3;Gestão/Gerência-Prioridades bem definidas
469;SP3-55;SUP3;Projeto-Tamanho médio da equipe
470;SP3-55;SUP3;Vida profissional/Experiência no trabalho-Tempo para completar tarefas
471;SP3-56;SUP3;Equipe-Colaboração
472;SP3-56;SUP3;Equipe-Coesão da equipe
473;SP3-57;SUP3;Ambiente de trabalho-Trabalho remoto
474;SP3-58;SUP3;Gestão/Gerência-Objetivos bem definidos
475;SP3-59;SUP3;Recompensas, benefícios, carreira-Oportunidade de mudança
476;SP3-59;SUP3;Gestão/Gerência-Gerência
477;SP3-60;SUP3;Gestão/Gerência-Gerência
478;SP3-61;SUP3;Gestão/Gerência-Planejamento de reuniões
479;SP3-62;SUP3;Gestão/Gerência-Apreciação pelo trabalho
480;SP3-62;SUP3;Vida profissional/Experiência no trabalho-Tempo para completar tarefas
481;SP3-63;SUP3;Gestão/Gerência-Apreciação pelo trabalho
482;SP4-1;SUP4;Gestão/Gerência-Prioridades bem definidas
483;SP4-2;SUP4;Projeto-Tamanho médio da equipe
484;SP4-2;SUP4;Vida profissional/Experiência no trabalho-Tempo para completar tarefas
485;SP4-3;SUP4;Gestão/Gerência-Planejamento de reuniões
486;SP4-3;SUP4;Equipe-Colaboração
487;SP4-4;SUP4;Equipe-Interações sociais
488;SP4-5;SUP4;Equipe-Interações sociais
489;SP4-6;SUP4;Gestão/Gerência-Feedback
490;SP4-7;SUP4;Gestão/Gerência-Gerência
491;SP4-7;SUP4;Gestão/Gerência-Feedback
492;SP4-7;SUP4;Planejamento de reuniões
493;SP4-8;SUP4;Ambiente de trabalho-Trabalho remoto
494;SP4-8;;NC
495;SP4-9;SUP4;Gestão/Gerência-Gerência
496;SP4-10;SUP4;Gestão/Gerência-Gerência
497;SP4-11;SUP4;Gestão/Gerência-Autonomia
498;SP4-11;SUP4;Gestão/Gerência-Gerência
499;SP4-12;SUP4;Tipo/impacto do trabalho-Habilidades são bem usadas
500;SP4-12;SUP4;Gestão/Gerência-Feedback
501;SP4-12;SUP4;Equipe-Interações sociais
502;SP4-13;SUP4;Vida profissional/Experiência no trabalho-Tempo para completar tarefas
503;SP4-14;SUP4;Gestão/Gerência-Objetivos bem definidos
504;SP4-15;SUP4;Ambiente de trabalho-Ambiente físico
505;SP4-15;SUP4;Processos e sistemas-Hardware
506;SP4-16;SUP4;Equipe-Colaboração
507;SP4-16;SUP4;Equipe-Segurança psicológica
508;SP4-16;SUP4;Equipe-Identidade da equipe
509;SP4-16;SUP4;Projeto-Tamanho médio da equipe
510;SP4-16;SUP4;Equipe-Rotatividade
511;SP4-16;SUP4;Gestão/Gerência-Gerência
512;SP4-16;SUP4;Vida profissional/Experiência no trabalho-Tempo para completar tarefas
513;SP4-16;SUP4;Processos e sistemas-Processos
514;SP4-16;SUP4;Gestão/Gerência-Autonomia
515;SP4-16;SUP4;Habilidades e competências individuais-Felicidade do desenvolvedor
516;SP4-16;SUP4;Gestão/Gerência-Objetivos bem definidos
517;SP4-16;SUP4;Gestão/Gerência-Apreciação pelo trabalho
518;SP4-16;SUP4;Equipe-Interações sociais
519;SP4-17;SUP4;Processos e sistemas-Ferramentas
520;SP4-18;SUP4;Gestão/Gerência-Gerência
521;SP4-18;SUP4;Recompensas, benefícios, carreira-Promoções
522;SP4-19;SUP4;Gestão/Gerência-Planejamento de reuniões
523;SP4-20;SUP4;Gestão/Gerência-Prioridades bem definidas
524;SP4-21;SUP4;Vida profissional/Experiência no trabalho-Tempo para completar tarefas
525;SP4-22;SUP4;Vida profissional/Experiência no trabalho-Equilíbrio entre vida profissional/pessoal
526;SP4-23;SUP4;Recompensas, benefícios, carreira-Promoções
527;SP4-24;SUP4;Processos e sistemas-Hardware
528;SP4-25;SUP4;Equipe-Identidade da equipe
529;SP4-25;SUP4;Equipe-Colaboração
530;SP4-26;SUP4;Gestão/Gerência-Feedback
531;SP4-27;SUP4;Ambiente de trabalho-Trabalho remoto
532;SP4-27;SUP4;Produtividade pessoal-Produtividade percebida
533;SP4-28;SUP4;Equipe-Colaboração
534;SP4-28;SUP4;Equipe-Comunicação
535;SP4-28;SUP4;Equipe-Coesão da equipe
536;SP4-28;SUP4;Habilidades e competências individuais-Felicidade do desenvolvedor
537;SP4-29;SUP4;Vida profissional/Experiência no trabalho-Equilíbrio entre vida profissional/pessoal
538;SP4-30;SUP4;Gestão/Gerência-Gerência
539;SP4-31;SUP4;Recompensas, benefícios, carreira-Segurança no trabalho
540;SP4-32;SUP4;Gestão/Gerência-Objetivos bem definidos
541;SP4-33;SUP4;Equipe-Comunicação
542;SP4-34;SUP4;Equipe-Comunicação
543;SP4-35;SUP4;Ambiente de trabalho-Proximidade da equipe
544;SP4-35;SUP4;Treinamento-Treinamento para soft skills
545;SP4-36;SUP4;Gestão/Gerência-Autonomia
546;SP4-36;SUP4;Projeto-Estabilidade de requisitos
547;SP4-37;SUP4;Equipe-Coesão da equipe
548;SP4-37;SUP4;Gestão/Gerência-Gerência
549;SP4-38;SUP4;Ambiente de trabalho-Ambiente físico
550;SP4-38;SUP4;Processos e sistemas-Hardware
551;SP4-38;SUP4;Ambiente de trabalho-Suporte a telecomunicação
552;SP4-38;SUP4;Processos e sistemas-Hardware
553;SP4-38;SUP4;Ambiente de trabalho-Ambiente físico
554;SP4-38;SUP4;Equipe-Interações sociais
555;SP4-38;SUP4;Habilidades e competências individuais-Felicidade do desenvolvedor
556;SP4-38;SUP4;Gestão/Gerência-Autonomia
557;SP4-38;SUP4;Equipe-Apoio à inovação
558;SP4-38;SUP4;Treinamento-Treinamento para ferramentas e tecnologias
559;SP4-38;SUP4;Treinamento-Treinamento para soft skills
560;SP4-39;SUP4;Processos e sistemas-Processos
561;SP4-39;SUP4;Processos e sistemas-Ferramentas
562;SP4-40;SUP4;Ambiente de trabalho-Proximidade da equipe
563;SP4-40;SUP4;Recompensas, benefícios, carreira-Promoções
564;SP4-40;SUP4;Recompensas, benefícios, carreira-Justiça
565;SP4-41;SUP4;Equipe-Comunicação
566;SP4-41;SUP4;Equipe-Identidade da equipe
567;SP4-41;SUP4;Equipe-Interações sociais
568;SP4-42;;NC
569;SP4-43;SUP4;Recompensas, benefícios, carreira-Promoções
570;SP4-44;;NC
571;SP4-45;SUP4;Ambiente de trabalho-Proximidade da equipe
572;SP4-46;SUP4;Projeto-Tamanho médio da equipe
573;SP4-47;SUP4;Projeto-Cronograma
574;SP4-48;SUP4;Habilidades e competências individuais-Personalidade do desenvolvedor
575;SP4-48;SUP4;Equipe-Empatia
576;SP4-49;SUP4;Equipe-Interações sociais
577;SP4-50;SUP4;Processos e sistemas-Processos
578;SP4-51;SUP4;Gestão/Gerência-Gerência
579;SP4-51;SUP4;Ambiente de trabalho-Fragmentação do tempo
580;SP4-51;SUP4;Vida profissional/Experiência no trabalho-Estresse
581;SP4-52;SUP4;Equipe-Comunicação
582;SP4-52;SUP4;Processos e sistemas-Ferramentas
583;SP4-53;SUP4;Projeto-Tamanho médio da equipe
584;SP4-53;SUP4;Equipe-Colegas de trabalho qualificados
585;SP4-54;SUP4;Recompensas, benefícios, carreira-Oportunidade de mudança
586;SP4-55;SUP4;Treinamento-Disponibilidade de documentação
587;SP4-55;SUP4;Vida profissional/Experiência no trabalho-Tempo para completar tarefas
588;SP4-56;SUP4;Gestão/Gerência-Gerência
589;SP4-57;SUP4;Tipo/impacto do trabalho-Tempo para aprender a realizar o trabalho
590;SP4-57;SUP4;Ambiente de trabalho-Fragmentação do tempo
591;SP4-58;SUP4;Recompensas, benefícios, carreira-Promoções
592;SP4-58;SUP4;Equipe-Coesão da equipe
593;SP4-59;SUP4;Recompensas, benefícios, carreira-Promoções
594;SP4-60;SUP4;Projeto-Tamanho médio da equipe
595;SP4-61;SUP4;Projeto-Cronograma
596;SP4-62;SUP4;Processos e sistemas-Hardware
597;SP4-62;SUP4;Ambiente de trabalho-Ambiente físico
598;SP4-62;;
599;SP4-63;SUP4;Projeto-Tamanho médio da equipe
600;SP4-64;SUP4;Tipo/impacto do trabalho-Habilidades são bem usadas
601;SP4-64;SUP4;Felicidade do desenvolvedor
602;SP4-65;SUP4;Gestão/Gerência-Gerência
603;SP4-66;SUP4;Ambiente de trabalho-Ambiente físico
604;SP4-67;SUP4;Equipe-Interações sociais
605;SP4-67;SUP4;Ambiente de trabalho-Proximidade da equipe
606;SP4-68;SUP4;Gestão/Gerência-Apreciação pelo trabalho
607;SP4-68;SUP4;Gestão/Gerência-Feedback
608;SP4-69;;NC
609;SP4-70;SUP4;Processos e sistemas-Hardware
610;SP4-71;SUP4;Projeto-Tamanho médio da equipe
611;SP4-72;SUP4;Projeto-Tamanho médio da equipe
612;SP4-73;SUP4;Equipe-Comunicação
613;SP4-74;SUP4;Equipe-Comunicação
614;SP4-75;SUP4;Equipe-Empatia
615;SP4-75;SUP4;Equipe-Coesão da equipe
616;SP4-76;SUP4;Projeto-Tamanho médio da equipe
617;SP4-76;SUP4;Gestão/Gerência-Gerência
618;SP4-77;SUP4;Projeto-Tamanho médio da equipe
619;SP4-77;SUP4;Ambiente de trabalho-Trabalho remoto
620;SP4-78;SUP4;Projeto-Tamanho médio da equipe
621;SP4-78;SUP4;Vida profissional/Experiência no trabalho-Tempo para completar tarefas
622;SP4-79;SUP4;Projeto-Tamanho médio da equipe
623;SP4-79;SUP4;Vida profissional/Experiência no trabalho-Tempo para completar tarefas
624;SP4-80;SUP4;Projeto-Tamanho médio da equipe
625;SP4-80;SUP4;Vida profissional/Experiência no trabalho-Tempo para completar tarefas
626;SP4-81;SUP4;Projeto-Tamanho médio da equipe
627;SP4-82;SUP4;Projeto-Tamanho médio da equipe
628;SP4-83;SUP4;Vida profissional/Experiência no trabalho-Tempo para completar tarefas
629;SP4-84;SUP4;Processos e sistemas-Processos
630;SP4-85;SUP4;Equipe-Coesão da equipe
631;SP4-86;SUP4;Projeto-Tamanho médio da equipe
632;SP4-87;SUP4;Projeto-Tamanho médio da equipe
633;SP4-87;SUP4;Tipo/impacto do trabalho-Poder completar tarefas
634;SP4-88;SUP4;Projeto-Tamanho médio da equipe
635;SP4-88;SUP4;Treinamento-Treinamento para ferramentas e tecnologias
636;SP4-89;SUP4;Recompensas, benefícios, carreira-Salário
637;SP4-90;SUP4;Gestão/Gerência-Gerência
638;SP4-90;SUP4;Tipo/impacto do trabalho-Complexidade do trabalho
639;SP4-91;;NC
640;SP4-92;SUP4;Projeto-Tamanho médio da equipe
641;SP4-92;SUP4;Equipe-Colegas de trabalho qualificados
642;SP4-93;SUP4;Gestão/Gerência-Gerência
643;SP4-94;SUP4;Gestão/Gerência-Objetivos bem definidos
644;SP4-95;SUP4;Projeto-Tamanho médio da equipe
645;SP4-96;;NC
646;SP4-97;SUP4;Fatores de processo-Ágil
647;SP4-98;SUP4;Recompensas, benefícios, carreira-Oportunidade de mudança
648;SP4-98;SUP4;Produtividade pessoal-Domínio técnico
649;SP4-99;SUP4;Ambiente de trabalho-Ambiente físico
650;SP4-100;SUP4;Projeto-Tamanho médio da equipe
651;SP4-101;SUP4;Equipe-Comunicação
652;SP4-101;SUP4;Organização-Visão da empresa
653;SP4-101;SUP4;Tipo/impacto do trabalho-Impacto do trabalho efetuado
654;SP4-101;SUP4;Gestão/Gerência-Objetivos bem definidos
655;SP4-102;SUP4;Ambiente de trabalho-Ambiente físico
656;SP4-102;SUP4;Ambiente de trabalho-Ambiente físico
657;SP4-102;SUP4;Ambiente de trabalho-Suporte a telecomunicação
658;SP4-103;SUP4;Recompensas, benefícios, carreira-Benéficios e recompensas
659;SP4-104;SUP4;Equipe-Coesão da equipe
660;SP4-104;SUP4;Habilidades e competências individuais-Felicidade do desenvolvedor
661;SP4-105;SUP4;Equipe-Comunicação
662;SP4-106;SUP4;Projeto-Tamanho médio da equipe
663;SP4-106;SUP4;Vida profissional/Experiência no trabalho-Tempo para completar tarefas
664;SP4-107;SUP4;Equipe-Interações sociais
665;SP4-108;SUP4;Equipe-Colaboração
666;SP4-108;SUP4;Gestão/Gerência-Gerência
667;SP4-108;SUP4;Equipe-Coesão da equipe
668;SP4-109;SUP4;Vida profissional/Experiência no trabalho-Tempo para completar tarefas
669;SP4-110;SUP4;Gestão/Gerência-Gerência
670;SP4-110;SUP4;Gestão/Gerência-Planejamento de reuniões
671;SP4-111;SUP4;Ambiente de trabalho-Trabalho remoto
672;SP4-112;SUP4;Ambiente de trabalho-Trabalho remoto
673;SP4-113;SUP4;Ambiente de trabalho-Trabalho remoto
674;SP4-113;SUP4;Equipe-Interações sociais
675;SP4-114;SUP4;Projeto-Tamanho médio da equipe
676;SP4-114;SUP4;Vida profissional/Experiência no trabalho-Tempo para completar tarefas
677;SP4-115;SUP4;Projeto-Tamanho médio da equipe
678;SP4-115;SUP4;Tipo/impacto do trabalho-Complexidade do trabalho
679;SP4-116;SUP4;Projeto-Tamanho médio da equipe
680;SP4-116;SUP4;Tipo/impacto do trabalho-Complexidade do trabalho
681;SP4-116;SUP4;Vida profissional/Experiência no trabalho-Equilíbrio entre vida profissional/pessoal
682;SP4-116;SUP4;Vida profissional/Experiência no trabalho-Estresse
683;SP4-116;SUP4;Recompensas, benefícios, carreira-Justiça
684;SP4-117;SUP4;Projeto-Tamanho médio da equipe
685;SP4-118;SUP4;Projeto-Tamanho médio da equipe
686;SP4-119;SUP4;Projeto-Tamanho médio da equipe
687;SP4-119;SUP4;Equipe-Rotatividade
688;SP4-120;SUP4;Equipe-Comunicação
689;SP4-120;SUP4;Gestão/Gerência-Planejamento de reuniões
690;SP4-120;SUP4;Equipe-Interações sociais
691;SP4-120;SUP4;Equipe-Colaboração
692;SP4-120;SUP4;Gestão/Gerência-Gerência
693;SP4-121;SUP4;Treinamento-Treinamento para ferramentas e tecnologias
694;SP4-122;SUP4;Projeto-Tamanho médio da equipe
695;SP4-122;SUP4;Tipo/impacto do trabalho-Impacto do trabalho efetuado
696;SP4-123;SUP4;Vida profissional/Experiência no trabalho-Tempo para completar tarefas
697;SP4-124;SUP4;Ambiente de trabalho-Proximidade da equipe
698;SP4-125;SUP4;Gestão/Gerência-Planejamento de reuniões
699;SP4-125;SUP4;Gestão/Gerência-Feedback
700;SP4-126;SUP4;Oportunidade de mudança
701;SP4-126;SUP4;Equipe-Apoio à inovação
702;SP4-127;SUP4;Processos e sistemas-Processos
703;SP4-127;SUP4;Gestão/Gerência-Gerência
704;SP4-127;SUP4;Recompensas, benefícios, carreira-Benéficios e recompensas
705;SP4-127;SUP4;Ambiente de trabalho-Proximidade da equipe
706;SP4-127;SUP4;Vida profissional/Experiência no trabalho-Equilíbrio entre vida profissional/pessoal
707;SP4-127;SUP4;Ambiente de trabalho-Trabalho remoto
708;SP4-128;SUP4;Projeto-Tamanho médio da equipe
709;SP4-128;SUP4;Equipe-Colaboração
710;SP4-129;SUP4;Equipe-Colaboração
711;SP4-129;SUP4;Equipe-Apoio à inovação
712;SP4-130;SUP4;Gestão/Gerência-Planejamento de reuniões
713;SP4-131;SUP4;Equipe-Segurança psicológica
714;SP4-132;SUP4;Gestão/Gerência-Autonomia
715;SP4-132;SUP4;Tipo/impacto do trabalho-Complexidade do trabalho
716;SP4-132;SUP4;Projeto-Tamanho médio da equipe
717;SP4-133;SUP4;Gestão/Gerência-Autonomia
718;SP4-133;SUP4;Gestão/Gerência-Objetivos bem definidos
719;SP4-134;SUP4;Gestão/Gerência-Autonomia
720;SP4-135;SUP4;Gestão/Gerência-Autonomia
721;SP4-135;SUP4;Vida profissional/Experiência no trabalho-Tempo para completar tarefas
722;SP4-136;SUP4;Recompensas, benefícios, carreira-Promoções
723;SP4-136;SUP4;Gestão/Gerência-Apreciação pelo trabalho
724;SP4-137;SUP4;Equipe-Coesão da equipe
725;SP4-138;SUP4;Processos e sistemas-Processos
726;SP4-139;SUP4;Equipe-Coesão da equipe
727;SP4-140;SUP4;Ambiente de trabalho-Trabalho remoto
728;SP4-140;SUP4;Equipe-Interações sociais
729;SP4-140;SUP4;Vida profissional/Experiência no trabalho-Equilíbrio entre vida profissional/pessoal
730;SP4-140;SUP4;Gestão/Gerência-Autonomia
731;SP4-140;SUP4;Equipe-Cultura do time
732;SP4-140;SUP4;Gestão/Gerência-Planejamento de reuniões
733;SP4-140;SUP4;Recompensas, benefícios, carreira-Benéficios e recompensas
734;SP4-140;SUP4;Gestão/Gerência-Objetivos bem definidos
735;SP4-141;SUP4;Tempo para aprender a realizar o trabalho
736;SP4-141;SUP4;Equipe-Colaboração
737;SP4-141;SUP4;Treinamento-Treinamento para ferramentas e tecnologias
738;SP4-142;SUP4;Projeto-Cronograma
739;SP4-142;SUP4;Gestão/Gerência-Objetivos bem definidos
740;SP4-143;SUP4;Projeto-Estabilidade de requisitos
741;SP4-144;SUP4;Ambiente de trabalho-Trabalho remoto
742;SP4-144;SUP4;Recompensas, benefícios, carreira-Segurança no trabalho
743;SP4-145;SUP4;Recompensas, benefícios, carreira-Promoções
744;SP4-145;SUP4;Recompensas, benefícios, carreira-Benéficios e recompensas
745;SP4-146;SUP4;Equipe-Coesão da equipe
746;SP4-147;SUP4;Ambiente de trabalho-Trabalho remoto
747;SP4-147;SUP4;Processos e sistemas-Hardware
748;SP4-148;SUP4;Recompensas, benefícios, carreira-Promoções
749;SP4-148;SUP4;Gestão/Gerência-Objetivos bem definidos
750;SP4-149;;NC
751;SP4-150;SUP4;Tipo/impacto do trabalho-Complexidade do trabalho
752;SP4-151;SUP4;Projeto-Estabilidade de requisitos
753;SP4-152;SUP4;Equipe-Interações sociais
754;SP4-153;SUP4;Treinamento-Treinamento para soft skills
755;SP4-153;SUP4;Equipe-Colaboração
756;SP4-153;SUP4;Treinamento-Treinamento para ferramentas e tecnologias
757;SP4-154;SUP4;Equipe-Interações sociais
758;SP4-155;;NC
759;SP4-156;SUP4;Vida profissional/Experiência no trabalho-Tempo para completar tarefas
760;SP4-156;SUP4;Gestão/Gerência-Objetivos bem definidos
761;SP4-157;SUP4;Habilidades e competências individuais-Personalidade do desenvolvedor
762;SP4-157;SUP4;Equipe-Senso de superioridade
763;SP4-158;SUP4;Gestão/Gerência-Autonomia
764;SP4-159;SUP4;Gestão/Gerência-Planejamento de reuniões
765;SP4-160;SUP4;Tipo/impacto do trabalho-Complexidade do trabalho
766;SP4-161;SUP4;Tipo/impacto do trabalho-Complexidade do trabalho
767;SP4-161;SUP4;Gestão/Gerência-Prioridades bem definidas
768;SP4-162;SUP4;Recompensas, benefícios, carreira-Justiça
769;SP4-163;SUP4;Processos e sistemas-Hardware
770;SP4-164;SUP4;Processos e sistemas-Processos
771;SP4-165;SUP4;Vida profissional/Experiência no trabalho-Estresse
772;SP4-165;SUP4;Ambiente de trabalho-Trabalho remoto
773;SP4-166;SUP4;Recompensas, benefícios, carreira-Promoções
774;SP4-166;SUP4;Gestão/Gerência-Autonomia
775;SP4-167;SUP4;Gestão/Gerência-Gerência
776;SP4-167;SUP4;Vida profissional/Experiência no trabalho-Estresse
777;SP4-167;SUP4;Gestão/Gerência-Objetivos bem definidos
778;SP4-168;SUP4;Gestão/Gerência-Apreciação pelo trabalho
779;SP4-168;SUP4;Recompensas, benefícios, carreira-Oportunidade de mudança
780;SP4-168;SUP4;Recompensas, benefícios, carreira-Promoções
781;SP4-168;SUP4;Recompensas, benefícios, carreira-Benéficios e recompensas
782;SP4-169;SUP4;Gestão/Gerência-Planejamento de reuniões
783;SP4-170;SUP4;Gestão/Gerência-Autonomia
784;SP4-170;SUP4;Gestão/Gerência-Prioridades bem definidas
785;SP4-170;SUP4;Tipo/impacto do trabalho-Impacto do trabalho efetuado
786;SP4-171;SUP4;Equipe-Colegas de trabalho qualificados
787;SP4-172;SUP4;Gestão/Gerência-Gerência
788;SP4-173;SUP4;Processos e sistemas-Hardware
789;SP4-174;;NC
790;SP4-175;;NC
791;SP4-176;;NC
792;SP4-177;;NC
793;SP4-178;SUP4;Produtividade pessoal-Produtividade percebida
794;SP4-178;;
795;SP4-178;SUP4;Ambiente de trabalho-Trabalho remoto
796;SP4-179;SUP4;Recompensas, benefícios, carreira-Promoções
797;SP4-179;SUP4;Gestão/Gerência-Planejamento de reuniões
798;SP4-179;SUP4;Equipe-Colaboração
799;SP4-180;SUP4;Gestão/Gerência-Gerência
800;SP4-180;SUP4;Projeto-Tamanho médio da equipe
801;SP4-181;SUP4;Equipe-Comunicação
802;SP4-181;SUP4;Equipe-Coesão da equipe
803;SP4-182;SUP4;Gestão/Gerência-Prioridades bem definidas
804;SP4-182;SUP4;Vida profissional/Experiência no trabalho-Tempo para completar tarefas
805;SP4-183;SUP4;Desenvolvimento-Linguagem de programação
806;SP4-183;SUP4;Habilidades e competências individuais-Capacidade de analista
807;SP4-183;SUP4;Processos e sistemas-Processos
808;SP4-184;SUP4;Gestão/Gerência-Feedback
809;SP4-184;SUP4;Gestão/Gerência-Gerência
810;SP4-185;SUP4;Equipe-Coesão da equipe
811;SP4-186;SUP4;Equipe-Comunicação
812;SP4-186;SUP4;Vida profissional/Experiência no trabalho-Equilíbrio entre vida profissional/pessoal
813;SP4-187;SUP4;Ambiente de trabalho-Trabalho remoto
814;SP4-187;SUP4;Recompensas, benefícios, carreira-Segurança no trabalho
815;SP4-188;SUP4;Habilidades e competências individuais-Felicidade do desenvolvedor
816;SP4-189;SUP4;Recompensas, benefícios, carreira-Oportunidade de mudança
817;SP4-189;SUP4;Projeto-Tamanho médio da equipe
818;SP4-190;SUP4;Projeto-Tamanho médio da equipe
819;SP4-191;SUP4;Equipe-Empatia
820;SP4-191;SUP4;Equipe-Segurança psicológica
821;SP4-192;SUP4;Habilidades e competências individuais-Personalidade do desenvolvedor
822;SP4-192;SUP4;Equipe-Colaboração
823;SP4-192;SUP4;Equipe-Coesão da equipe
824;SP4-192;SUP4;Gestão/Gerência-Gerência
825;SP4-192;SUP4;Recompensas, benefícios, carreira-Promoções
826;SP4-193;SUP4;Gestão/Gerência-Prioridades bem definidas
827;SP4-193;SUP4;Ambiente de trabalho-Fragmentação do tempo
828;SP4-194;SUP4;Equipe-Segurança psicológica
829;SP4-194;SUP4;Equipe-Colaboração
830;SP4-195;SUP4;Equipe-Segurança psicológica
831;SP4-196;SUP4;Equipe-Interações sociais
832;SP4-196;SUP4;Equipe-Coesão da equipe
833;SP4-197;SUP4;Treinamento-Treinamento para soft skills
834;SP4-197;SUP4;Equipe-Camaradagem
835;SP4-198;SUP4;Projeto-Cronograma
836;SP4-199;SUP4;Equipe-Comunicação
837;SP4-200;SUP4;Gestão/Gerência-Planejamento de reuniões
838;SP4-201;SUP4;Recompensas, benefícios, carreira-Oportunidade de mudança
839;SP4-201;SUP4;Equipe-Colaboração
840;SP4-201;SUP4;Treinamento-Treinamento para ferramentas e tecnologias
841;SP4-202;SUP4;Ambiente de trabalho-Proximidade da equipe
842;SP4-202;SUP4;Equipe-Colaboração
843;SP4-203;SUP4;Recompensas, benefícios, carreira-Oportunidade de mudança
844;SP4-203;SUP4;Habilidades e competências individuais-Personalidade do desenvolvedor
845;SP4-203;SUP4;Treinamento-Treinamento para ferramentas e tecnologias
846;SP4-204;SUP4;Equipe-Coesão da equipe
847;SP4-204;SUP4;Fatores de produto-Confiabilidade de software necessária
848;SP4-205;SUP4;Equipe-Comunicação
849;SP4-205;SUP4;Gestão/Gerência-Prioridades bem definidas
850;SP4-205;SUP4;Equipe-Coesão da equipe
851;SP4-205;SUP4;Equipe-Comunicação
852;SP4-205;SUP4;Equipe-Segurança psicológica
853;SP4-206;SUP4;Treinamento-Treinamento para soft skills
854;SP4-207;SUP4;Gestão/Gerência-Feedback
855;SP4-207;SUP4;Gestão/Gerência-Gerência
856;SP4-208;SUP4;Ambiente de trabalho-Suporte a telecomunicação
857;SP4-208;SUP4;Equipe-Interações sociais
858;SP4-208;SUP4;Equipe-Colaboração
859;SP4-208;SUP4;Equipe-Coesão da equipe
860;SP4-209;SUP4;Ambiente de trabalho-Trabalho remoto
861;SP4-210;SUP4;Ambiente de trabalho-Trabalho remoto
862;SP4-211;SUP4;Gestão/Gerência-Feedback
863;SP4-211;SUP4;Vida profissional/Experiência no trabalho-Tempo para completar tarefas
864;SP4-212;SUP4;Ambiente de trabalho-Trabalho remoto
865;SP4-213;SUP4;Gestão/Gerência-Autonomia
866;SP4-214;SUP4;Organização-Visão da empresa
867;SP4-214;SUP4;Equipe-Colaboração
868;SP4-215;SUP4;Vida profissional/Experiência no trabalho-Tempo para completar tarefas
869;SP4-215;SUP4;Produtividade pessoal-Capacidade de atingir objetivos
870;SP4-215;SUP4;Equipe-Colaboração
871;SP4-216;;NC
872;SP4-217;SUP4;Habilidades e competências individuais-Felicidade do desenvolvedor
873;SP4-217;SUP4;Tipo/impacto do trabalho-Impacto do trabalho efetuado
874;SP4-217;SUP4;Gestão/Gerência-Feedback
875;SP4-217;SUP4;Recompensas, benefícios, carreira-Promoções
876;SP4-218;SUP4;Ambiente de trabalho-Trabalho remoto
877;SP4-219;SUP4;Recompensas, benefícios, carreira-Oportunidade de mudança
878;SP4-219;SUP4;Vida profissional/Experiência no trabalho-Estresse
879;SP4-220;SUP4;Recompensas, benefícios, carreira-Justiça
880;SP4-221;SUP4;Recompensas, benefícios, carreira-Promoções
881;SP4-222;SUP4;Recompensas, benefícios, carreira-Promoções
882;SP4-222;SUP4;Equipe-Colaboração
883;SP4-223;SUP4;Ambiente de trabalho-Ambiente físico
884;SP4-224;SUP4;Treinamento-Treinamento para ferramentas e tecnologias
885;SP4-224;SUP4;Tipo/impacto do trabalho-Tempo para aprender a realizar o trabalho
886;SP4-225;SUP4;Gestão/Gerência-Feedback
887;SP4-226;SUP4;Recompensas, benefícios, carreira-Benéficios e recompensas
888;SP4-227;SUP4;Ambiente de trabalho-Ambiente físico
889;SP4-228;SUP4;Treinamento-Treinamento para soft skills
890;SP4-229;SUP4;Ambiente de trabalho-e-factor
891;SP4-229;SUP4;Gestão/Gerência-Autonomia
892;SP4-230;;NC
893;SP4-231;SUP4;Gestão/Gerência-Gerência
894;SP4-232;SUP4;Gestão/Gerência-Planejamento de reuniões
895;SP4-232;SUP4;Ambiente de trabalho-Proximidade da equipe
896;SP4-233;SUP4;Recompensas, benefícios, carreira-Promoções
897;SP4-234;SUP4;Gestão/Gerência-Autonomia
898;SP4-235;SUP4;Gestão/Gerência-Autonomia
899;SP4-236;SUP4;Equipe-Coesão da equipe
900;SP4-237;SUP4;Equipe-Colaboração
901;SP4-237;SUP4;Gestão/Gerência-Gerência
902;SP4-238;SUP4;Equipe-Apoio à inovação
903;SP4-239;SUP4;Gestão/Gerência-Feedback
904;SP4-239;SUP4;Fatores de processo-Maturidade do processo
905;SP4-240;SUP4;Equipe-Interações sociais
906;SP4-240;SUP4;Tipo/impacto do trabalho-Complexidade do trabalho
907;SP4-241;SUP4;Recompensas, benefícios, carreira-Oportunidade de mudança
908;SP4-242;SUP4;Gestão/Gerência-Prioridades bem definidas
909;SP4-243;SUP4;Gestão/Gerência-Apreciação pelo trabalho
910;SP4-243;SUP4;Ambiente de trabalho-Fragmentação do tempo
911;SP4-244;SUP4;Projeto-Tamanho médio da equipe
912;SP4-245;SUP4;Equipe-Comunicação
913;SP4-245;SUP4;Equipe-Colaboração
914;SP4-246;SUP4;Projeto-Tamanho médio da equipe
915;SP4-247;SUP4;Ambiente de trabalho-Ambiente físico
916;SP4-248;SUP4;Fatores de processo-Prototipagem inicial
917;SP4-248;SUP4;Desenvolvimento-Documentação
918;SP4-249;SUP4;Gestão/Gerência-Apreciação pelo trabalho
919;SP4-249;SUP4;Gestão/Gerência-Planejamento de reuniões
920;SP4-250;SUP4;Projeto-Tamanho médio da equipe
921;SP4-251;SUP4;Vida profissional/Experiência no trabalho-Tempo para completar tarefas
922;SP4-252;SUP4;Processos e sistemas-Hardware
923;SP4-252;SUP4;Recompensas, benefícios, carreira-Salário
924;SP4-253;SUP4;Produtividade pessoal-Produtividade percebida
925;SP4-253;SUP4;Vida profissional/Experiência no trabalho-Tempo para completar tarefas
926;SP4-253;SUP4;Fatores de produto-Qualidade do produto
927;SP4-253;SUP4;Habilidades e competências individuais-Personalidade do desenvolvedor
928;SP4-254;SUP4;Recompensas, benefícios, carreira-Promoções
929;SP4-255;SUP4;Projeto-Cronograma
930;SP4-256;SUP4;Gestão/Gerência-Gerência
931;SP4-256;SUP4;Gestão/Gerência-Autonomia
932;SP4-257;SUP4;Processos e sistemas-Processos
933;SP4-257;SUP4;Projeto-Cronograma
934;SP4-257;SUP4;Vida profissional/Experiência no trabalho-Tempo para completar tarefas
935;SP4-258;SUP4;Equipe-Comunicação
936;SP4-259;SUP4;Desenvolvimento-Documentação
937;SP4-260;SUP4;Recompensas, benefícios, carreira-Promoções
938;SP4-260;SUP4;Gestão/Gerência-Gerência
939;SP4-261;SUP4;Recompensas, benefícios, carreira-Promoções
940;SP4-262;SUP4;Processos e sistemas-Ferramentas
941;SP4-263;SUP4;Gestão/Gerência-Gerência
942;SP4-264;SUP4;Gestão/Gerência-Gerência
943;SP4-265;SUP4;Equipe-Comunicação
944;SP4-265;SUP4;Gestão/Gerência-Objetivos bem definidos
945;SP4-266;SUP4;Ambiente de trabalho-Fragmentação do tempo
946;SP4-266;SUP4;Vida profissional/Experiência no trabalho-Tempo para completar tarefas
947;SP4-267;SUP4;Gestão/Gerência-Gerência
948;SP4-268;SUP4;Gestão/Gerência-Gerência
949;SP4-268;SUP4;Gestão/Gerência-Objetivos bem definidos
950;SP4-268;SUP4;Gestão/Gerência-Autonomia
951;SP4-268;SUP4;Vida profissional/Experiência no trabalho-Tempo para completar tarefas
952;SP4-268;SUP4;Projeto-Cronograma
953;SP4-268;SUP4;Equipe-Comunicação
954;SP4-268;SUP4;Gestão/Gerência-Feedback
955;SP4-268;SUP4;Recompensas, benefícios, carreira-Promoções
956;SP4-268;SUP4;Equipe-Cultura do time
957;SP4-268;SUP4;Treinamento-Treinamento para ferramentas e tecnologias
958;SP4-268;SUP4;Equipe-Colaboração
959;SP4-268;SUP4;Equipe-Objetivos claros
960;SP4-269;SUP4;Recompensas, benefícios, carreira-Promoções
961;SP4-269;SUP4;Recompensas, benefícios, carreira-Benéficios e recompensas
962;SP4-269;SUP4;Recompensas, benefícios, carreira-Justiça
963;SP4-270;SUP4;Gestão/Gerência-Prioridades bem definidas
964;SP4-270;SUP4;Equipe-Comunicação
965;SP4-270;SUP4;Organização-Visão da empresa
966;SP4-271;SUP4;Processos e sistemas-Processos
967;SP4-271;SUP4;Gestão/Gerência-Prioridades bem definidas
968;SP4-272;SUP4;Gestão/Gerência-Feedback
969;SP4-272;SUP4;Vida profissional/Experiência no trabalho-Tempo para completar tarefas
970;SP4-273;SUP4;Recompensas, benefícios, carreira-Promoções
971;SP4-274;SUP4;Equipe-Comunicação
972;SP4-274;SUP4;Treinamento-Treinamento para ferramentas e tecnologias
973;SP4-274;SUP4;Recompensas, benefícios, carreira-Segurança no trabalho
974;SP4-275;SUP4;Gestão/Gerência-Feedback
975;SP4-275;SUP4;Recompensas, benefícios, carreira-Promoções
976;SP4-276;SUP4;Projeto-Cronograma
977;SP4-276;SUP4;Treinamento-Disponibilidade de documentação
978;SP4-277;SUP4;Gestão/Gerência-Gerência
979;SP4-277;SUP4;Gestão/Gerência-Planejamento de reuniões
980;SP4-277;SUP4;Gestão/Gerência-Objetivos bem definidos
981;SP4-278;SUP4;Recompensas, benefícios, carreira-Segurança no trabalho
982;SP4-279;SUP4;Gestão/Gerência-Prioridades bem definidas
983;SP4-279;SUP4;Gestão/Gerência-Objetivos bem definidos
984;SP4-280;;NC
985;SP4-281;SUP4;Gestão/Gerência-Gerência
986;SP4-281;SUP4;Organização-Visão da empresa
987;SP4-281;SUP4;Equipe-Comunicação
988;SP4-281;SUP4;Equipe-Identidade da equipe
989;SP4-282;SUP4;Gestão/Gerência-Gerência
990;SP4-282;SUP4;Equipe-Senso de superioridade
991;SP4-282;SUP4;Equipe-Segurança psicológica
992;SP4-282;SUP4;Habilidades e competências individuais-Personalidade do desenvolvedor
993;SP4-283;SUP4;Processos e sistemas-Ferramentas
994;SP4-284;SUP4;Tipo/impacto do trabalho-Habilidades são bem usadas
995;SP4-284;SUP4;Recompensas, benefícios, carreira-Oportunidade de mudança
996;SP4-285;SUP4;Vida profissional/Experiência no trabalho-Equilíbrio entre vida profissional/pessoal
997;SP4-286;SUP4;Recompensas, benefícios, carreira-Promoções
998;SP4-286;SUP4;Recompensas, benefícios, carreira-Justiça
999;SP4-287;SUP4;Equipe-Coesão da equipe
1000;SP4-288;SUP4;Recompensas, benefícios, carreira-Oportunidade de mudança
1001;SP4-288;SUP4;Tipo/impacto do trabalho-Complexidade do trabalho
1002;SP4-289;SUP4;Gestão/Gerência-Feedback
1003;SP4-289;SUP4;Processos e sistemas-Hardware
1004;SP4-289;SUP4;Ambiente de trabalho-Ambiente físico
1005;SP4-289;SUP4;Recompensas, benefícios, carreira-Promoções
1006;SP4-289;SUP4;Recompensas, benefícios, carreira-Salário
1007;SP4-290;SUP4;Organização-Visão da empresa
1008;SP4-290;SUP4;Treinamento-Treinamento para ferramentas e tecnologias
1009;SP4-290;SUP4;Tipo/impacto do trabalho-Habilidades são bem usadas
1010;SP4-291;SUP4;Equipe-Apoio à inovação
1011;SP4-291;SUP4;Processos e sistemas-Processos
1012;SP4-291;SUP4;Equipe-Coesão da equipe
1013;SP4-292;SUP4;Recompensas, benefícios, carreira-Oportunidade de mudança
1014;SP4-293;SUP4;Processos e sistemas-Processos
1015;SP4-293;SUP4;Equipe-Apoio à inovação
1016;SP4-294;SUP4;Gestão/Gerência-Gerência
1017;SP4-295;;NC
1018;SP4-296;;NC
1019;SP4-297;;NC
1020;SP4-298;;NC
1021;SP4-299;;NC
1022;SP4-300;;NC
1023;SP4-301;SUP4;Produtividade pessoal-Produtividade percebida
1024;SP4-301;SUP4;Tipo/impacto do trabalho-Complexidade do trabalho
1025;SP4-302;SUP4;Gestão/Gerência-Autonomia
1026;SP4-303;SUP4;Vida profissional/Experiência no trabalho-Tempo para completar tarefas
1027;SP4-304;;NC
1028;SP4-305;;NC
1029;SP4-306;;NC
1030;SP4-307;;NC
1031;SP4-308;;NC
1032;SP4-309;SUP4;Processos e sistemas-Hardware
1033;SP4-310;SUP4;Vida profissional/Experiência no trabalho-Tempo para completar tarefas
1034;SP4-310;SUP4;Vida profissional/Experiência no trabalho-Equilíbrio entre vida profissional/pessoal
1035;SP4-310;SUP4;Projeto-Tamanho médio da equipe
1036;SP4-310;SUP4;Gestão/Gerência-Gerência
1037;SP4-310;SUP4;Tipo/impacto do trabalho-Complexidade do trabalho
1038;SP4-311;;NC
1039;SP4-312;;NC
1040;SP4-313;SUP4;Organização-Visão da empresa
1041;SP4-313;SUP4;Gestão/Gerência-Objetivos bem definidos
1042;SP4-313;SUP4;Equipe-Colaboração
1043;SP4-313;SUP4;Processos e sistemas-Processos
1044;SP4-314;SUP4;Recompensas, benefícios, carreira-Oportunidade de mudança
1045;SP4-314;SUP4;Tipo/impacto do trabalho-Complexidade do trabalho
1046;SP4-315;SUP4;Gestão/Gerência-Gerência
1047;SP4-316;SUP4;Recompensas, benefícios, carreira-Promoções
1048;SP4-316;SUP4;Gestão/Gerência-Apreciação pelo trabalho
1049;SP4-316;SUP4;Recompensas, benefícios, carreira-Justiça
1050;SP4-317;;NC
1051;SP4-317;;NC
1052;SP4-318;;NC
1053;SP4-319;;
1054;SP4-319;;
1055;SP4-319;;
1056;SP4-319;SUP4;Processos e sistemas-Processos
1057;SP4-319;SUP4;Fatores de produto-Dependências técnicas
1058;SP4-319;SUP4;Gestão/Gerência-Gerência
1059;SP4-319;SUP4;Produtividade pessoal-Produtividade percebida
1060;SP4-320;;NC
1061;SP4-321;SUP4;Vida profissional/Experiência no trabalho-Tempo para completar tarefas
1062;SP4-321;SUP4;Tipo/impacto do trabalho-Complexidade do trabalho
1063;SP4-321;SUP4;Equipe-Apoio à inovação
1064;SP4-322;SUP4;Ambiente de trabalho-Trabalho remoto
1065;SP4-323;SUP4;Ambiente de trabalho-Trabalho remoto
1066;SP4-323;SUP4;Recompensas, benefícios, carreira-Segurança no trabalho
1067;SP4-324;SUP4;Recompensas, benefícios, carreira-Oportunidade de mudança
1068;SP4-325;SUP4;Gestão/Gerência-Gerência
1069;SP4-326;SUP4;Gestão/Gerência-Prioridades bem definidas
1070;SP4-327;SUP4;Gestão/Gerência-Gerência
1071;SP4-327;SUP4;Equipe-Objetivos claros
1072;SP4-328;SUP4;Gestão/Gerência-Prioridades bem definidas
1073;SP4-328;SUP4;Processos e sistemas-Processos
1074;SP4-329;SUP4;Equipe-Coesão da equipe
1075;SP4-329;SUP4;Gestão/Gerência-Gerência
1076;SP4-330;SUP4;Projeto-Tamanho médio da equipe
1077;SP4-330;SUP4;Fatores de processo-Terceirização e distribuição global
1078;SP4-331;SUP4;Recompensas, benefícios, carreira-Oportunidade de mudança
1079;SP4-332;SUP4;Recompensas, benefícios, carreira-Oportunidade de mudança
1080;SP4-332;SUP4;Tipo/impacto do trabalho-Complexidade do trabalho
1081;SP4-333;SUP4;Recompensas, benefícios, carreira-Promoções
1082;SP4-334;SUP4;Tipo/impacto do trabalho-Complexidade do trabalho
1083;SP4-334;SUP4;Ambiente de trabalho-Fragmentação do tempo
1084;SP4-334;SUP4;Produtividade pessoal-Produtividade percebida
1085;SP4-335;SUP4;Recompensas, benefícios, carreira-Oportunidade de mudança
1086;SP4-335;SUP4;Tipo/impacto do trabalho-Complexidade do trabalho
1087;SP4-335;SUP4;Habilidades e competências individuais-Felicidade do desenvolvedor
1088;SP4-336;SUP4;Equipe-Interações sociais
1089;SP4-337;SUP4;Gestão/Gerência-Planejamento de reuniões
1090;SP4-337;SUP4;Recompensas, benefícios, carreira-Oportunidade de mudança
1091;SP4-338;SUP4;Recompensas, benefícios, carreira-Oportunidade de mudança
1092;SP4-338;SUP4;Tipo/impacto do trabalho-Complexidade do trabalho
1093;SP4-339;SUP4;Recompensas, benefícios, carreira-Oportunidade de mudança
1094;SP4-340;SUP4;Vida profissional/Experiência no trabalho-Equilíbrio entre vida profissional/pessoal
1095;SP4-341;SUP4;Recompensas, benefícios, carreira-Oportunidade de mudança
1096;SP4-342;SUP4;Equipe-Comunicação
1097;SP4-342;SUP4;Gestão/Gerência-Gerência
1098;SP4-343;SUP4;Tipo/impacto do trabalho-Tempo para aprender a realizar o trabalho
1099;SP4-343;SUP4;Vida profissional/Experiência no trabalho-Estresse
1100;SP4-344;SUP4;Gestão/Gerência-Gerência
1101;SP4-344;SUP4;Gestão/Gerência-Prioridades bem definidas
1102;SP4-344;SUP4;Projeto-Cronograma
1103;SP4-344;SUP4;Processos e sistemas-Processos
1104;SP4-345;SUP4;Equipe-Interações sociais
1105;SP4-346;SUP4;Equipe-Interações sociais
1106;SP4-347;SUP4;Recompensas, benefícios, carreira-Promoções
1107;SP4-348;SUP4;Projeto-Cronograma
1108;SP4-349;SUP4;Processos e sistemas-Processos
1109;SP4-349;SUP4;Projeto-Tamanho médio da equipe
1110;SP4-349;SUP4;Vida profissional/Experiência no trabalho-Estresse
1111;SP4-349;SUP4;Vida profissional/Experiência no trabalho-Tempo para completar tarefas
1112;SP4-349;SUP4;Gestão/Gerência-Prioridades bem definidas
1113;SP4-350;SUP4;Processos e sistemas-Processos
1114;SP4-351;SUP4;Gestão/Gerência-Gerência
1115;SP4-351;SUP4;Habilidades e competências individuais-Felicidade do desenvolvedor
1116;SP4-352;SUP4;Recompensas, benefícios, carreira-Promoções
1117;SP4-352;SUP4;Equipe-Colaboração
1118;SP4-353;SUP4;Recompensas, benefícios, carreira-Oportunidade de mudança
1119;SP4-354;SUP4;Tipo/impacto do trabalho-Complexidade do trabalho
1120;SP4-354;SUP4;Produtividade pessoal-Produtividade percebida
1121;SP4-354;SUP4;Ambiente de trabalho-Fragmentação do tempo
1122;SP4-355;SUP4;Gestão/Gerência-Apreciação pelo trabalho
1123;SP4-355;SUP4;Recompensas, benefícios, carreira-Promoções
1124;SP4-356;SUP4;Recompensas, benefícios, carreira-Promoções
1125;SP4-357;SUP4;Recompensas, benefícios, carreira-Promoções
1126;SP4-358;SUP4;Recompensas, benefícios, carreira-Promoções
1127;SP4-359;SUP4;Gestão/Gerência-Planejamento de reuniões
1128;SP4-359;SUP4;Fatores de produto-Qualidade do produto
1129;SP4-359;SUP4;Equipe-Apoio à inovação
1130;SP4-360;SUP4;Fatores de processo-Risco de arquitetura
1131;SP4-360;SUP4;Equipe-Comunicação
1132;SP4-361;SUP4;Gestão/Gerência-Gerência
1133;SP4-361;SUP4;Recompensas, benefícios, carreira-Promoções
1134;SP4-362;SUP4;Equipe-Colaboração
1135;SP4-363;SUP4;Gestão/Gerência-Autonomia
1136;SP4-363;SUP4;Gestão/Gerência-Gerência
1137;SP4-363;SUP4;Fatores de processo-Ágil
1138;SP4-364;SUP4;Habilidades e competências individuais-Capacidade do gerente
1139;SP4-365;SUP4;Equipe-Comunicação
1140;SP4-365;SUP4;Equipe-Colaboração
1141;SP4-366;SUP4;Recompensas, benefícios, carreira-Promoções
1142;SP4-367;SUP4;Gestão/Gerência-Planejamento de reuniões
1143;SP4-367;SUP4;Gestão/Gerência-Objetivos bem definidos
1144;SP4-367;SUP4;Equipe-Coesão da equipe
1145;SP4-368;SUP4;Recompensas, benefícios, carreira-Promoções
1146;SP4-369;SUP4;Recompensas, benefícios, carreira-Promoções
1147;SP4-370;SUP4;Gestão/Gerência-Apreciação pelo trabalho
1148;SP4-370;SUP4;Recompensas, benefícios, carreira-Benéficios e recompensas
1149;SP4-371;SUP4;Vida profissional/Experiência no trabalho-Equilíbrio entre vida profissional/pessoal
1150;SP4-371;SUP4;Tipo/impacto do trabalho-Habilidades são bem usadas
1151;SP4-371;SUP4;Treinamento-Treinamento para ferramentas e tecnologias
1152;SP4-371;SUP4;Desenvolvimento-Documentação
1153;SP4-371;SUP4;Processos e sistemas-Ferramentas
1154;SP4-372;SUP4;Recompensas, benefícios, carreira-Oportunidade de mudança
1155;SP4-373;SUP4;Gestão/Gerência-Autonomia
1156;SP4-374;SUP4;Tipo/impacto do trabalho-Tempo para aprender a realizar o trabalho
1157;SP4-374;SUP4;Vida profissional/Experiência no trabalho-Tempo para completar tarefas
1158;SP4-375;SUP4;Gestão/Gerência-Planejamento de reuniões
1159;SP4-376;SUP4;Gestão/Gerência-Feedback
1160;SP4-377;SUP4;Gestão/Gerência-Objetivos bem definidos
1161;SP4-378;SUP4;Projeto-Tamanho médio da equipe
1162;SP4-379;SUP4;Tipo/impacto do trabalho-Complexidade do trabalho
1163;SP4-380;SUP4;Vida profissional/Experiência no trabalho-Equilíbrio entre vida profissional/pessoal
1164;SP4-380;SUP4;Recompensas, benefícios, carreira-Oportunidade de mudança
1165;SP4-380;SUP4;Recompensas, benefícios, carreira-Promoções
1166;SP4-381;SUP4;Fatores de processo-Ágil
1167;SP4-381;SUP4;Gestão/Gerência-Feedback
1168;SP4-381;SUP4;Recompensas, benefícios, carreira-Oportunidade de mudança
1169;SP4-382;SUP4;Ambiente de trabalho-Proximidade da equipe
1170;SP4-383;SUP4;Gestão/Gerência-Planejamento de reuniões
1171;SP4-383;SUP4;Equipe-Comunicação
1172;SP4-383;SUP4;Equipe-Interações sociais
1173;SP4-383;SUP4;Ambiente de trabalho-Proximidade da equipe
1174;SP4-384;SUP4;Gestão/Gerência-Planejamento de reuniões
1175;SP4-384;SUP4;Equipe-Objetivos claros
1176;SP4-384;SUP4;Equipe-Comunicação
1177;SP4-385;SUP4;Gestão/Gerência-Planejamento de reuniões
1178;SP4-386;SUP4;Gestão/Gerência-Planejamento de reuniões
1179;SP4-386;SUP4;Equipe-Comunicação
1180;SP4-386;SUP4;Equipe-Colaboração
1181;SP4-387;SUP4;Equipe-Interações sociais
1182;SP4-388;SUP4;Ambiente de trabalho-Proximidade da equipe
1183;SP4-389;SUP4;Recompensas, benefícios, carreira-Promoções
1184;SP4-389;SUP4;Equipe-Colaboração
1185;SP4-390;SUP4;Gestão/Gerência-Gerência
1186;SP4-391;SUP4;Recompensas, benefícios, carreira-Promoções
1187;SP4-391;SUP4;Recompensas, benefícios, carreira-Benéficios e recompensas
1188;SP4-392;SUP4;Recompensas, benefícios, carreira-Oportunidade de mudança
1189;SP4-392;SUP4;Tipo/impacto do trabalho-Complexidade do trabalho
1190;SP4-393;SUP4;Recompensas, benefícios, carreira-Oportunidade de mudança
1191;SP4-394;;NC
1192;SP4-395;SUP4;Gestão/Gerência-Autonomia
1193;SP4-396;SUP4;Tipo/impacto do trabalho-Habilidades são bem usadas
1194;SP4-396;SUP4;Recompensas, benefícios, carreira-Oportunidade de mudança
1195;SP4-396;SUP4;Habilidades e competências individuais-Felicidade do desenvolvedor
1196;SP4-397;SUP4;Recompensas, benefícios, carreira-Oportunidade de mudança
1197;SP4-398;SUP4;Recompensas, benefícios, carreira-Promoções
1198;SP4-399;SUP4;Recompensas, benefícios, carreira-Promoções
1199;SP4-399;SUP4;Recompensas, benefícios, carreira-Justiça
1200;SP4-400;SUP4;Gestão/Gerência-Planejamento de reuniões
1201;SP4-400;SUP4;Gestão/Gerência-Feedback
1202;SP4-401;SUP4;Recompensas, benefícios, carreira-Oportunidade de mudança
1203;SP4-402;SUP4;Treinamento-Treinamento para soft skills
1204;SP4-403;;NC
1205;SP4-404;SUP4;Treinamento-Treinamento para soft skills
1206;SP4-404;SUP4;Gestão/Gerência-Objetivos bem definidos
1207;SP4-404;SUP4;Processos e sistemas-Ferramentas
1208;SP4-405;SUP4;Equipe-Coesão da equipe
1209;SP4-406;SUP4;Recompensas, benefícios, carreira-Oportunidade de mudança
1210;SP4-407;SUP4;Equipe-Interações sociais
1211;SP4-407;SUP4;Ambiente de trabalho-Proximidade da equipe
1212;SP4-408;SUP4;Recompensas, benefícios, carreira-Oportunidade de mudança
1213;SP4-408;SUP4;Recompensas, benefícios, carreira-Promoções
1214;SP4-409;SUP4;Recompensas, benefícios, carreira-Promoções
1215;SP4-409;SUP4;Gestão/Gerência-Apreciação pelo trabalho
1216;SP4-410;SUP4;Equipe-Colaboração
1217;SP4-411;SUP4;Gestão/Gerência-Gerência
1218;SP4-411;SUP4;Planejamento de reuniões
1219;SP4-412;SUP4;Equipe-Colegas de trabalho qualificados
1220;SP4-413;SUP4;Equipe-Coesão da equipe
1221;SP4-414;SUP4;Projeto-Cronograma
1222;SP4-414;SUP4;Projeto-Estabilidade de requisitos
1223;SP4-415;SUP4;Equipe-Identidade da equipe
1224;SP4-416;SUP4;Equipe-Colaboração
1225;SP4-416;SUP4;Equipe-Identidade da equipe
1226;SP4-417;SUP4;Projeto-Tamanho médio da equipe
1227;SP4-417;SUP4;Equipe-Apoio à inovação
1228;SP4-417;SUP4;Processos e sistemas-Processos
1229;SP4-417;SUP4;Gestão/Gerência-Objetivos bem definidos
1230;SP4-417;SUP4;Ambiente de trabalho-Trabalho remoto
1231;SP4-418;SUP4;Equipe-Interações sociais
1232;SP4-419;SUP4;Gestão/Gerência-Feedback
1233;SP4-419;SUP4;Gestão/Gerência-Objetivos bem definidos
1234;SP4-420;SUP4;Projeto-Tamanho médio da equipe
1235;SP4-421;SUP4;Equipe-Colaboração
1236;SP4-422;SUP4;Tipo/impacto do trabalho-Complexidade do trabalho
1237;SP4-422;SUP4;Treinamento-Treinamento para ferramentas e tecnologias
1238;SP4-423;SUP4;Tipo/impacto do trabalho-Tempo para aprender a realizar o trabalho
1239;SP4-423;SUP4;Tipo/impacto do trabalho-Complexidade do trabalho
1240;SP4-424;SUP4;Processos e sistemas-Hardware
1241;SP4-424;SUP4;Ambiente de trabalho-Proximidade da equipe
1242;SP4-425;SUP4;Projeto-Tamanho médio da equipe
1243;SP4-425;SUP4;Vida profissional/Experiência no trabalho-Tempo para completar tarefas
1244;SP4-426;SUP4;Projeto-Tamanho médio da equipe
1245;SP4-426;SUP4;Vida profissional/Experiência no trabalho-Tempo para completar tarefas
1246;SP4-427;SUP4;Tipo/impacto do trabalho-Poder completar tarefas
1247;SP4-428;SUP4;Ambiente de trabalho-Proximidade da equipe
1248;SP4-428;SUP4;Vida profissional/Experiência no trabalho-Equilíbrio entre vida profissional/pessoal
1249;SP4-429;SUP4;Equipe-Colaboração
1250;SP4-429;SUP4;Gestão/Gerência-Prioridades bem definidas
1251;SP4-430;SUP4;Gestão/Gerência-Gerência
1252;SP4-431;SUP4;Gestão/Gerência-Planejamento de reuniões
1253;SP4-432;SUP4;Ambiente de trabalho-Trabalho remoto
1254;SP4-433;SUP4;Ambiente de trabalho-Trabalho remoto
1255;SP4-433;SUP4;Recompensas, benefícios, carreira-Segurança no trabalho
1256;SP4-434;SUP4;Recompensas, benefícios, carreira-Promoções
1257;SP4-435;SUP4;Projeto-Cronograma
1258;SP4-436;SUP4;Ambiente de trabalho-Trabalho remoto
1259;SP4-436;SUP4;Vida profissional/Experiência no trabalho-Equilíbrio entre vida profissional/pessoal
1260;SP4-436;SUP4;Habilidades e competências individuais-Felicidade do desenvolvedor
1261;SP4-436;SUP4;Produtividade pessoal-Produtividade percebida
1262;SP4-437;SUP4;Ambiente de trabalho-Trabalho remoto
1263;SP4-437;SUP4;Projeto-Tamanho médio da equipe
1264;SP4-438;SUP4;Ambiente de trabalho-Trabalho remoto
1265;SP4-439;SUP4;Equipe-Coesão da equipe
1266;SP4-439;SUP4;Equipe-Colaboração
1267;SP4-440;SUP4;Gestão/Gerência-Autonomia
1268;SP4-440;SUP4;Equipe-Objetivos claros
1269;SP4-440;SUP4;Habilidades e competências individuais-Capacidade de analista
1270;SP4-440;SUP4;Gestão/Gerência-Apreciação pelo trabalho
1271;SP4-440;SUP4;Recompensas, benefícios, carreira-Promoções
1272;SP4-441;SUP4;Tipo/impacto do trabalho-Complexidade do trabalho
1273;SP4-442;SUP4;Processos e sistemas-Ferramentas
1274;SP4-442;SUP4;Tipo/impacto do trabalho-Impacto do trabalho efetuado
1275;SP4-443;SUP4;Processos e sistemas-Hardware
1276;SP4-444;SUP4;Recompensas, benefícios, carreira-Promoções
1277;SP4-445;SUP4;Gestão/Gerência-Autonomia
1278;SP4-445;SUP4;Vida profissional/Experiência no trabalho-Equilíbrio entre vida profissional/pessoal
1279;SP4-446;SUP4;Tipo/impacto do trabalho-Complexidade do trabalho
1280;SP4-446;SUP4;Recompensas, benefícios, carreira-Oportunidade de mudança
1281;SP4-446;SUP4;Processos e sistemas-Ferramentas
1282;SP4-447;SUP4;Vida profissional/Experiência no trabalho-Equilíbrio entre vida profissional/pessoal
1283;SP4-448;SUP4;Gestão/Gerência-Objetivos bem definidos
1284;SP4-449;SUP4;Vida profissional/Experiência no trabalho-Equilíbrio entre vida profissional/pessoal
1285;SP4-450;SUP4;Projeto-Tamanho médio da equipe
1286;SP4-450;SUP4;Equipe-Colaboração
1287;SP4-450;SUP4;Recompensas, benefícios, carreira-Promoções
1288;SP4-450;SUP4;Recompensas, benefícios, carreira-Justiça
1289;SP4-451;SUP4;Projeto-Tamanho médio da equipe
1290;SP4-451;SUP4;Vida profissional/Experiência no trabalho-Tempo para completar tarefas
1291;SP4-452;SUP4;Projeto-Tamanho médio da equipe
1292;SP4-453;SUP4;Processos e sistemas-Processos
1293;SP4-454;SUP4;Equipe-Proximidade da equipe
1294;SP4-454;SUP4;Equipe-Colaboração
1295;SP4-454;SUP4;Processos e sistemas-Ferramentas
1296;SP4-455;SUP4;Recompensas, benefícios, carreira-Justiça
1297;SP4-455;SUP4;Recompensas, benefícios, carreira-Promoções
1298;SP4-455;SUP4;Equipe-Camaradagem
1299;SP4-456;SUP4;Projeto-Tamanho médio da equipe
1300;SP4-456;SUP4;Vida profissional/Experiência no trabalho-Tempo para completar tarefas
1301;SP4-457;SUP4;Gestão/Gerência-Gerência
1302;SP4-458;SUP4;Tipo/impacto do trabalho-Complexidade do trabalho
1303;SP4-459;SUP4;Gestão/Gerência-Gerência
1304;SP4-460;SUP4;Recompensas, benefícios, carreira-Oportunidade de mudança
1305;SP4-461;SUP4;Processos e sistemas-Hardware
1306;SP4-462;SUP4;Gestão/Gerência-Autonomia
1307;SP4-463;SUP4;Habilidades e competências individuais-Experiência de domínio da aplicação
1308;SP4-464;SUP4;Recompensas, benefícios, carreira-Salário
1309;SP4-465;SUP4;Processos e sistemas-Hardware
1310;SP4-465;SUP4;Projeto-Tamanho médio da equipe
1311;SP4-465;SUP4;Ambiente de trabalho-Trabalho remoto
1312;SP4-466;SUP4;Produtividade pessoal-Capacidade de atingir objetivos
1313;SP4-466;SUP4;Gestão/Gerência-Planejamento de reuniões
1314;SP4-467;SUP4;Tipo/impacto do trabalho-Complexidade do trabalho
1315;SP4-467;SUP4;Gestão/Gerência-Autonomia
1316;SP4-467;SUP4;Treinamento-Treinamento para ferramentas e tecnologias
1317;SP4-468;SUP4;Equipe-Comunicação
1318;SP4-468;SUP4;Equipe-Colaboração
1319;SP4-468;SUP4;Equipe-Interações sociais
1320;SP4-469;SUP4;Gestão/Gerência-Gerência
1321;SP4-470;SUP4;Gestão/Gerência-Apreciação pelo trabalho
1322;SP4-471;;NC
1323;SP4-472;SUP4;Gestão/Gerência-Gerência
1324;SP4-472;SUP4;Produtividade pessoal-Produtividade percebida
1325;SP4-473;SUP4;Equipe-Colegas de trabalho qualificados
1326;SP4-474;SUP4;Gestão/Gerência-Gerência
1327;SP4-474;SUP4;Projeto-Cronograma
1328;SP4-475;SUP4;Vida profissional/Experiência no trabalho-Equilíbrio entre vida profissional/pessoal
1329;SP4-475;SUP4;Projeto-Tamanho médio da equipe
1330;SP4-476;SUP4;Ambiente de trabalho-Proximidade da equipe
1331;SP4-477;SUP4;Gestão/Gerência-Gerência
1332;SP4-478;SUP4;Recompensas, benefícios, carreira-Benéficios e recompensas
